[
  {
    "id": "ef7e9093-69e6-4c60-8c4e-1da819deaa31",
    "data": [
      {
        "text": "custom",
        "userDefined": false
      }
    ],
    "isTemplate": false,
    "count": 0,
    "updated": 1535458969
  },
  {
    "id": "284aaf04-4b6c-4538-8a61-66eaf2e5d09b",
    "data": [
      {
        "text": "home delivery order",
        "userDefined": false
      }
    ],
    "isTemplate": false,
    "count": 0,
    "updated": 1537336603
  },
  {
    "id": "0e22c534-5a3a-47a7-b5ae-01f00e82ccdc",
    "data": [
      {
        "text": "home delivery",
        "userDefined": false
      }
    ],
    "isTemplate": false,
    "count": 0,
    "updated": 1537451354
  },
  {
    "id": "abafa25a-a99d-4cf8-8183-cec05371dcd1",
    "data": [
      {
        "text": "I want to place a custom order",
        "userDefined": false
      }
    ],
    "isTemplate": false,
    "count": 0,
    "updated": 1535458969
  },
  {
    "id": "ac8704db-2832-4c9a-8693-a99c3d666091",
    "data": [
      {
        "text": "custom order",
        "userDefined": false
      }
    ],
    "isTemplate": false,
    "count": 0,
    "updated": 1537451354
  },
  {
    "id": "9d17e2bd-5ed6-4f8a-8327-c783e6d4184f",
    "data": [
      {
        "text": "on the fly order",
        "userDefined": false
      }
    ],
    "isTemplate": false,
    "count": 0,
    "updated": 1535458969
  },
  {
    "id": "7927f1d0-46ea-4138-984c-b37338eb7d51",
    "data": [
      {
        "text": "how to place custom order",
        "userDefined": false
      }
    ],
    "isTemplate": false,
    "count": 0,
    "updated": 1535458969
  }
]