[
  {
    "id": "56178542-868d-4e59-bb51-67a3a5248486",
    "data": [
      {
        "text": "Questions",
        "userDefined": false
      }
    ],
    "isTemplate": false,
    "count": 0,
    "updated": 1537946323
  },
  {
    "id": "d442cd26-51c4-4a82-ba24-2c53d487775b",
    "data": [
      {
        "text": "Can i get some answers",
        "userDefined": false
      }
    ],
    "isTemplate": false,
    "count": 0,
    "updated": 1537946323
  },
  {
    "id": "67bf6b9b-5d7c-475e-8cbe-0af9c285fcf3",
    "data": [
      {
        "text": "Need help",
        "userDefined": false
      }
    ],
    "isTemplate": false,
    "count": 0,
    "updated": 1537946323
  },
  {
    "id": "de6b16fc-f573-4570-b710-42b50aee63d9",
    "data": [
      {
        "text": "I need some answers",
        "userDefined": false
      }
    ],
    "isTemplate": false,
    "count": 0,
    "updated": 1537946323
  },
  {
    "id": "e1fe6091-066e-4cdf-a802-87bbe7cd185d",
    "data": [
      {
        "text": "Can i ask some questions",
        "userDefined": false
      }
    ],
    "isTemplate": false,
    "count": 0,
    "updated": 1537946323
  },
  {
    "id": "8a42871c-4a35-4ec1-8472-bd1c442b61f1",
    "data": [
      {
        "text": "I have some question",
        "userDefined": false
      }
    ],
    "isTemplate": false,
    "count": 0,
    "updated": 1537946323
  },
  {
    "id": "875d470b-e1db-4510-990c-008db82dd63c",
    "data": [
      {
        "text": "Help",
        "userDefined": false
      }
    ],
    "isTemplate": false,
    "count": 0,
    "updated": 1537946323
  },
  {
    "id": "b58b211d-bb28-4c53-bc92-6073ef95dc1d",
    "data": [
      {
        "text": "Question and Answer",
        "userDefined": false
      }
    ],
    "isTemplate": false,
    "count": 0,
    "updated": 1537946323
  },
  {
    "id": "caf4e801-5ea6-4463-ab35-23157c44a1e1",
    "data": [
      {
        "text": "Please help me",
        "userDefined": false
      }
    ],
    "isTemplate": false,
    "count": 0,
    "updated": 1537946323
  },
  {
    "id": "7f5aa7cc-a6b8-48ca-8455-f297eb005d8b",
    "data": [
      {
        "text": "faq",
        "userDefined": false
      }
    ],
    "isTemplate": false,
    "count": 0,
    "updated": 1537946323
  },
  {
    "id": "c6704199-2307-4f67-a729-a907c2709ede",
    "data": [
      {
        "text": "Answers",
        "userDefined": false
      }
    ],
    "isTemplate": false,
    "count": 0,
    "updated": 1537946323
  }
]