[
  {
    "id": "b2e4b56f-32e3-4b60-ab2c-57dcd0912665",
    "data": [
      {
        "text": "initiate",
        "userDefined": false
      }
    ],
    "isTemplate": false,
    "count": 0,
    "updated": 1531140741
  },
  {
    "id": "29f16711-0a02-400d-8483-00e8529afb7e",
    "data": [
      {
        "text": "start",
        "userDefined": false
      }
    ],
    "isTemplate": false,
    "count": 0,
    "updated": 1531140641
  },
  {
    "id": "047aecc8-6990-4718-8795-d75f7d631735",
    "data": [
      {
        "text": "begin",
        "userDefined": false
      }
    ],
    "isTemplate": false,
    "count": 0,
    "updated": 1531140741
  },
  {
    "id": "a16190c5-d1e3-4b91-a2db-d91ff0941618",
    "data": [
      {
        "text": "go",
        "userDefined": false
      }
    ],
    "isTemplate": false,
    "count": 0,
    "updated": 1531140741
  },
  {
    "id": "dc7548ff-de77-479d-a5ec-097142fb1772",
    "data": [
      {
        "text": "restart",
        "userDefined": false
      }
    ],
    "isTemplate": false,
    "count": 0,
    "updated": 1531140741
  }
]