[
  {
    "id": "1bcabad0-1ad7-4b4e-bdf1-706918e7ea05",
    "data": [
      {
        "text": "Hello there",
        "userDefined": false
      }
    ],
    "isTemplate": false,
    "count": 0,
    "updated": 1536217756
  },
  {
    "id": "4e79d1fc-8372-4b83-853e-ccb0268420e6",
    "data": [
      {
        "text": "hi there",
        "userDefined": false
      }
    ],
    "isTemplate": false,
    "count": 0,
    "updated": 1536217756
  },
  {
    "id": "afca5b73-788e-4f58-967a-49c26a9e23e0",
    "data": [
      {
        "text": "greetings",
        "userDefined": false
      }
    ],
    "isTemplate": false,
    "count": 0,
    "updated": 1536217756
  },
  {
    "id": "ddc9aa6a-5f79-436f-89d5-02a9b0ce0d46",
    "data": [
      {
        "text": "Hello world",
        "userDefined": false
      }
    ],
    "isTemplate": false,
    "count": 0,
    "updated": 1536217756
  }
]